,Filename,Model,Name,Species,n_elect,ENMAX
0,potpaw_PBE/Ac/POTCAR,gga-pbe,Ac-gga-pbe,['Ac'],11.0,172.351
1,potpaw_PBE/Ag/POTCAR,gga-pbe,Ag-gga-pbe,['Ag'],11.0,249.844
2,potpaw_PBE/Ag_GW/POTCAR,gga-pbe,Ag_GW-gga-pbe,['Ag'],11.0,249.844
3,potpaw_PBE/Ag_pv/POTCAR,gga-pbe,Ag_pv-gga-pbe,['Ag'],17.0,297.865
4,potpaw_PBE/Ag_sv_GW/POTCAR,gga-pbe,Ag_sv_GW-gga-pbe,['Ag'],19.0,354.43
5,potpaw_PBE/Al/POTCAR,gga-pbe,Al-gga-pbe,['Al'],3.0,240.3
6,potpaw_PBE/Al_GW/POTCAR,gga-pbe,Al_GW-gga-pbe,['Al'],3.0,240.3
7,potpaw_PBE/Al_sv_GW/POTCAR,gga-pbe,Al_sv_GW-gga-pbe,['Al'],11.0,411.109
8,potpaw_PBE/Am/POTCAR,gga-pbe,Am-gga-pbe,['Am'],17.0,255.875
9,potpaw_PBE/Ar/POTCAR,gga-pbe,Ar-gga-pbe,['Ar'],8.0,266.408
10,potpaw_PBE/Ar_GW/POTCAR,gga-pbe,Ar_GW-gga-pbe,['Ar'],8.0,290.599
11,potpaw_PBE/As/POTCAR,gga-pbe,As-gga-pbe,['As'],5.0,208.702
12,potpaw_PBE/As_GW/POTCAR,gga-pbe,As_GW-gga-pbe,['As'],5.0,208.702
13,potpaw_PBE/As_d/POTCAR,gga-pbe,As_d-gga-pbe,['As'],15.0,288.651
14,potpaw_PBE/As_sv_GW/POTCAR,gga-pbe,As_sv_GW-gga-pbe,['As'],23.0,415.313
15,potpaw_PBE/At/POTCAR,gga-pbe,At-gga-pbe,['At'],7.0,161.43
16,potpaw_PBE/At_d/POTCAR,gga-pbe,At_d-gga-pbe,['At'],17.0,266.251
17,potpaw_PBE/At_d_GW/POTCAR,gga-pbe,At_d_GW-gga-pbe,['At'],17.0,266.251
18,potpaw_PBE/At_sv_GW/POTCAR,gga-pbe,At_sv_GW-gga-pbe,['At'],25.0,328.529
19,potpaw_PBE/Au/POTCAR,gga-pbe,Au-gga-pbe,['Au'],11.0,229.943
20,potpaw_PBE/Au_GW/POTCAR,gga-pbe,Au_GW-gga-pbe,['Au'],11.0,248.344
21,potpaw_PBE/Au_pv_GW/POTCAR,gga-pbe,Au_pv_GW-gga-pbe,['Au'],17.0,248.344
22,potpaw_PBE/Au_sv_GW/POTCAR,gga-pbe,Au_sv_GW-gga-pbe,['Au'],19.0,306.658
23,potpaw_PBE/B/POTCAR,gga-pbe,B-gga-pbe,['B'],3.0,318.614
24,potpaw_PBE/B_GW/POTCAR,gga-pbe,B_GW-gga-pbe,['B'],3.0,318.614
25,potpaw_PBE/B_h/POTCAR,gga-pbe,B_h-gga-pbe,['B'],3.0,700.0
26,potpaw_PBE/B_s/POTCAR,gga-pbe,B_s-gga-pbe,['B'],3.0,269.245
27,potpaw_PBE/Ba/POTCAR,gga-pbe,Ba-gga-pbe,['Ba'],10.0,187.21
28,potpaw_PBE/Ba_sv/POTCAR,gga-pbe,Ba_sv-gga-pbe,['Ba'],10.0,187.181
29,potpaw_PBE/Ba_sv_GW/POTCAR,gga-pbe,Ba_sv_GW-gga-pbe,['Ba'],10.0,237.515
30,potpaw_PBE/Be/POTCAR,gga-pbe,Be-gga-pbe,['Be'],2.0,247.543
31,potpaw_PBE/Be_GW/POTCAR,gga-pbe,Be_GW-gga-pbe,['Be'],2.0,247.543
32,potpaw_PBE/Be_sv/POTCAR,gga-pbe,Be_sv-gga-pbe,['Be'],4.0,308.768
33,potpaw_PBE/Be_sv_GW/POTCAR,gga-pbe,Be_sv_GW-gga-pbe,['Be'],4.0,537.454
34,potpaw_PBE/Bi/POTCAR,gga-pbe,Bi-gga-pbe,['Bi'],5.0,105.037
35,potpaw_PBE/Bi_GW/POTCAR,gga-pbe,Bi_GW-gga-pbe,['Bi'],5.0,146.53
36,potpaw_PBE/Bi_d/POTCAR,gga-pbe,Bi_d-gga-pbe,['Bi'],15.0,242.839
37,potpaw_PBE/Bi_d_GW/POTCAR,gga-pbe,Bi_d_GW-gga-pbe,['Bi'],17.0,261.876
38,potpaw_PBE/Bi_sv_GW/POTCAR,gga-pbe,Bi_sv_GW-gga-pbe,['Bi'],23.0,323.513
39,potpaw_PBE/Br/POTCAR,gga-pbe,Br-gga-pbe,['Br'],7.0,216.285
40,potpaw_PBE/Br_GW/POTCAR,gga-pbe,Br_GW-gga-pbe,['Br'],7.0,216.285
41,potpaw_PBE/Br_sv_GW/POTCAR,gga-pbe,Br_sv_GW-gga-pbe,['Br'],25.0,475.692
42,potpaw_PBE/C/POTCAR,gga-pbe,C-gga-pbe,['C'],4.0,400.0
43,potpaw_PBE/C_GW/POTCAR,gga-pbe,C_GW-gga-pbe,['C'],4.0,413.992
44,potpaw_PBE/C_GW_new/POTCAR,gga-pbe,C_GW_new-gga-pbe,['C'],4.0,413.992
45,potpaw_PBE/C_h/POTCAR,gga-pbe,C_h-gga-pbe,['C'],4.0,700.0
46,potpaw_PBE/C_h_GW/POTCAR,gga-pbe,C_h_GW-gga-pbe,['C'],4.0,741.689
47,potpaw_PBE/C_s/POTCAR,gga-pbe,C_s-gga-pbe,['C'],4.0,273.911
48,potpaw_PBE/Ca/POTCAR,gga-pbe,Ca-gga-pbe,['Ca'],10.0,266.586
49,potpaw_PBE/Ca_pv/POTCAR,gga-pbe,Ca_pv-gga-pbe,['Ca'],8.0,119.559
50,potpaw_PBE/Ca_sv/POTCAR,gga-pbe,Ca_sv-gga-pbe,['Ca'],10.0,266.622
51,potpaw_PBE/Ca_sv_GW/POTCAR,gga-pbe,Ca_sv_GW-gga-pbe,['Ca'],10.0,281.43
52,potpaw_PBE/Cd/POTCAR,gga-pbe,Cd-gga-pbe,['Cd'],12.0,274.336
53,potpaw_PBE/Cd_GW/POTCAR,gga-pbe,Cd_GW-gga-pbe,['Cd'],12.0,254.045
54,potpaw_PBE/Cd_pv_GW/POTCAR,gga-pbe,Cd_pv_GW-gga-pbe,['Cd'],18.0,396.766
55,potpaw_PBE/Cd_sv_GW/POTCAR,gga-pbe,Cd_sv_GW-gga-pbe,['Cd'],20.0,361.806
56,potpaw_PBE/Ce/POTCAR,gga-pbe,Ce-gga-pbe,['Ce'],12.0,273.042
57,potpaw_PBE/Ce_3/POTCAR,gga-pbe,Ce_3-gga-pbe,['Ce'],11.0,176.506
58,potpaw_PBE/Ce_GW/POTCAR,gga-pbe,Ce_GW-gga-pbe,['Ce'],12.0,304.625
59,potpaw_PBE/Ce_h/POTCAR,gga-pbe,Ce_h-gga-pbe,['Ce'],12.0,299.9
60,potpaw_PBE/Cf/POTCAR,gga-pbe,Cf-gga-pbe,['Cf'],20.0,414.614
61,potpaw_PBE/Cl/POTCAR,gga-pbe,Cl-gga-pbe,['Cl'],7.0,262.472
62,potpaw_PBE/Cl_GW/POTCAR,gga-pbe,Cl_GW-gga-pbe,['Cl'],7.0,262.472
63,potpaw_PBE/Cl_h/POTCAR,gga-pbe,Cl_h-gga-pbe,['Cl'],7.0,409.136
64,potpaw_PBE/Cm/POTCAR,gga-pbe,Cm-gga-pbe,['Cm'],18.0,257.953
65,potpaw_PBE/Co/POTCAR,gga-pbe,Co-gga-pbe,['Co'],9.0,267.968
66,potpaw_PBE/Co_GW/POTCAR,gga-pbe,Co_GW-gga-pbe,['Co'],9.0,323.4
67,potpaw_PBE/Co_pv/POTCAR,gga-pbe,Co_pv-gga-pbe,['Co'],15.0,271.042
68,potpaw_PBE/Co_sv/POTCAR,gga-pbe,Co_sv-gga-pbe,['Co'],17.0,390.362
69,potpaw_PBE/Co_sv_GW/POTCAR,gga-pbe,Co_sv_GW-gga-pbe,['Co'],17.0,387.491
70,potpaw_PBE/Cr/POTCAR,gga-pbe,Cr-gga-pbe,['Cr'],6.0,227.08
71,potpaw_PBE/Cr_pv/POTCAR,gga-pbe,Cr_pv-gga-pbe,['Cr'],12.0,265.681
72,potpaw_PBE/Cr_sv/POTCAR,gga-pbe,Cr_sv-gga-pbe,['Cr'],14.0,395.471
73,potpaw_PBE/Cr_sv_GW/POTCAR,gga-pbe,Cr_sv_GW-gga-pbe,['Cr'],14.0,384.932
74,potpaw_PBE/Cs/POTCAR,gga-pbe,Cs-gga-pbe,['Cs'],9.0,220.318
75,potpaw_PBE/Cs_sv/POTCAR,gga-pbe,Cs_sv-gga-pbe,['Cs'],9.0,220.318
76,potpaw_PBE/Cs_sv_GW/POTCAR,gga-pbe,Cs_sv_GW-gga-pbe,['Cs'],9.0,198.101
77,potpaw_PBE/Cu/POTCAR,gga-pbe,Cu-gga-pbe,['Cu'],11.0,295.446
78,potpaw_PBE/Cu_GW/POTCAR,gga-pbe,Cu_GW-gga-pbe,['Cu'],11.0,417.039
79,potpaw_PBE/Cu_pv/POTCAR,gga-pbe,Cu_pv-gga-pbe,['Cu'],17.0,368.648
80,potpaw_PBE/Cu_pv_GW/POTCAR,gga-pbe,Cu_pv_GW-gga-pbe,['Cu'],17.0,467.331
81,potpaw_PBE/Cu_sv_GW/POTCAR,gga-pbe,Cu_sv_GW-gga-pbe,['Cu'],19.0,391.688
82,potpaw_PBE/Dy/POTCAR,gga-pbe,Dy-gga-pbe,['Dy'],20.0,255.467
83,potpaw_PBE/Dy_3/POTCAR,gga-pbe,Dy_3-gga-pbe,['Dy'],9.0,155.713
84,potpaw_PBE/Er/POTCAR,gga-pbe,Er-gga-pbe,['Er'],22.0,298.116
85,potpaw_PBE/Er_2/POTCAR,gga-pbe,Er_2-gga-pbe,['Er'],8.0,119.75
86,potpaw_PBE/Er_3/POTCAR,gga-pbe,Er_3-gga-pbe,['Er'],9.0,155.037
87,potpaw_PBE/Eu/POTCAR,gga-pbe,Eu-gga-pbe,['Eu'],17.0,249.668
88,potpaw_PBE/Eu_2/POTCAR,gga-pbe,Eu_2-gga-pbe,['Eu'],8.0,99.328
89,potpaw_PBE/Eu_3/POTCAR,gga-pbe,Eu_3-gga-pbe,['Eu'],9.0,129.057
90,potpaw_PBE/F/POTCAR,gga-pbe,F-gga-pbe,['F'],7.0,400.0
91,potpaw_PBE/F_GW/POTCAR,gga-pbe,F_GW-gga-pbe,['F'],7.0,487.698
92,potpaw_PBE/F_GW_new/POTCAR,gga-pbe,F_GW_new-gga-pbe,['F'],7.0,487.698
93,potpaw_PBE/F_h/POTCAR,gga-pbe,F_h-gga-pbe,['F'],7.0,772.626
94,potpaw_PBE/F_h_GW/POTCAR,gga-pbe,F_h_GW-gga-pbe,['F'],7.0,848.626
95,potpaw_PBE/F_s/POTCAR,gga-pbe,F_s-gga-pbe,['F'],7.0,289.837
96,potpaw_PBE/Fe/POTCAR,gga-pbe,Fe-gga-pbe,['Fe'],8.0,267.882
97,potpaw_PBE/Fe_GW/POTCAR,gga-pbe,Fe_GW-gga-pbe,['Fe'],8.0,321.007
98,potpaw_PBE/Fe_pv/POTCAR,gga-pbe,Fe_pv-gga-pbe,['Fe'],14.0,293.238
99,potpaw_PBE/Fe_sv/POTCAR,gga-pbe,Fe_sv-gga-pbe,['Fe'],16.0,390.558
100,potpaw_PBE/Fe_sv_GW/POTCAR,gga-pbe,Fe_sv_GW-gga-pbe,['Fe'],16.0,387.837
101,potpaw_PBE/Fr_sv/POTCAR,gga-pbe,Fr_sv-gga-pbe,['Fr'],9.0,214.54
102,potpaw_PBE/Ga/POTCAR,gga-pbe,Ga-gga-pbe,['Ga'],3.0,134.678
103,potpaw_PBE/Ga_GW/POTCAR,gga-pbe,Ga_GW-gga-pbe,['Ga'],3.0,134.678
104,potpaw_PBE/Ga_d/POTCAR,gga-pbe,Ga_d-gga-pbe,['Ga'],13.0,282.691
105,potpaw_PBE/Ga_d_GW/POTCAR,gga-pbe,Ga_d_GW-gga-pbe,['Ga'],13.0,404.602
106,potpaw_PBE/Ga_h/POTCAR,gga-pbe,Ga_h-gga-pbe,['Ga'],13.0,404.601
107,potpaw_PBE/Ga_pv_GW/POTCAR,gga-pbe,Ga_pv_GW-gga-pbe,['Ga'],19.0,423.002
108,potpaw_PBE/Ga_sv_GW/POTCAR,gga-pbe,Ga_sv_GW-gga-pbe,['Ga'],21.0,404.602
109,potpaw_PBE/Gd/POTCAR,gga-pbe,Gd-gga-pbe,['Gd'],18.0,256.472
110,potpaw_PBE/Gd_3/POTCAR,gga-pbe,Gd_3-gga-pbe,['Gd'],9.0,154.332
111,potpaw_PBE/Ge/POTCAR,gga-pbe,Ge-gga-pbe,['Ge'],4.0,173.807
112,potpaw_PBE/Ge_GW/POTCAR,gga-pbe,Ge_GW-gga-pbe,['Ge'],4.0,173.807
113,potpaw_PBE/Ge_d/POTCAR,gga-pbe,Ge_d-gga-pbe,['Ge'],14.0,310.294
114,potpaw_PBE/Ge_d_GW/POTCAR,gga-pbe,Ge_d_GW-gga-pbe,['Ge'],14.0,375.434
115,potpaw_PBE/Ge_h/POTCAR,gga-pbe,Ge_h-gga-pbe,['Ge'],14.0,410.425
116,potpaw_PBE/Ge_sv_GW/POTCAR,gga-pbe,Ge_sv_GW-gga-pbe,['Ge'],22.0,410.425
117,potpaw_PBE/H/POTCAR,gga-pbe,H-gga-pbe,['H'],1.0,250.0
118,potpaw_PBE/H.25/POTCAR,gga-pbe,H.25-gga-pbe,['H.25'],0.25,250.0
119,potpaw_PBE/H.33/POTCAR,gga-pbe,H.33-gga-pbe,['H.33'],0.33,250.0
120,potpaw_PBE/H.42/POTCAR,gga-pbe,H.42-gga-pbe,['H.42'],0.42,250.0
121,potpaw_PBE/H.5/POTCAR,gga-pbe,H.5-gga-pbe,['H.5'],0.5,250.0
122,potpaw_PBE/H.58/POTCAR,gga-pbe,H.58-gga-pbe,['H.58'],0.58,250.0
123,potpaw_PBE/H.66/POTCAR,gga-pbe,H.66-gga-pbe,['H.66'],0.66,250.0
124,potpaw_PBE/H.75/POTCAR,gga-pbe,H.75-gga-pbe,['H.75'],0.75,250.0
125,potpaw_PBE/H1.25/POTCAR,gga-pbe,H1.25-gga-pbe,['H1.25'],1.25,250.0
126,potpaw_PBE/H1.33/POTCAR,gga-pbe,H1.33-gga-pbe,['H1.33'],1.33,250.0
127,potpaw_PBE/H1.5/POTCAR,gga-pbe,H1.5-gga-pbe,['H1.5'],1.5,250.0
128,potpaw_PBE/H1.66/POTCAR,gga-pbe,H1.66-gga-pbe,['H1.66'],1.66,250.0
129,potpaw_PBE/H1.75/POTCAR,gga-pbe,H1.75-gga-pbe,['H1.75'],1.75,250.0
130,potpaw_PBE/H_AE/POTCAR,gga-pbe,H_AE-gga-pbe,['H'],1.0,1000.0
131,potpaw_PBE/H_GW/POTCAR,gga-pbe,H_GW-gga-pbe,['H'],1.0,300.0
132,potpaw_PBE/H_h/POTCAR,gga-pbe,H_h-gga-pbe,['H'],1.0,700.0
133,potpaw_PBE/H_h_GW/POTCAR,gga-pbe,H_h_GW-gga-pbe,['H'],1.0,700.0
134,potpaw_PBE/H_s/POTCAR,gga-pbe,H_s-gga-pbe,['H'],1.0,200.0
135,potpaw_PBE/He/POTCAR,gga-pbe,He-gga-pbe,['He'],2.0,478.896
136,potpaw_PBE/He_AE/POTCAR,gga-pbe,He_AE-gga-pbe,['He'],2.0,2135.871
137,potpaw_PBE/He_GW/POTCAR,gga-pbe,He_GW-gga-pbe,['He'],2.0,405.78
138,potpaw_PBE/Hf/POTCAR,gga-pbe,Hf-gga-pbe,['Hf'],4.0,220.334
139,potpaw_PBE/Hf_pv/POTCAR,gga-pbe,Hf_pv-gga-pbe,['Hf'],10.0,220.334
140,potpaw_PBE/Hf_sv/POTCAR,gga-pbe,Hf_sv-gga-pbe,['Hf'],12.0,237.444
141,potpaw_PBE/Hf_sv_GW/POTCAR,gga-pbe,Hf_sv_GW-gga-pbe,['Hf'],12.0,282.964
142,potpaw_PBE/Hg/POTCAR,gga-pbe,Hg-gga-pbe,['Hg'],12.0,233.204
143,potpaw_PBE/Hg_sv_GW/POTCAR,gga-pbe,Hg_sv_GW-gga-pbe,['Hg'],20.0,312.028
144,potpaw_PBE/Ho/POTCAR,gga-pbe,Ho-gga-pbe,['Ho'],21.0,257.168
145,potpaw_PBE/Ho_3/POTCAR,gga-pbe,Ho_3-gga-pbe,['Ho'],9.0,154.137
146,potpaw_PBE/I/POTCAR,gga-pbe,I-gga-pbe,['I'],7.0,175.647
147,potpaw_PBE/I_GW/POTCAR,gga-pbe,I_GW-gga-pbe,['I'],7.0,175.647
148,potpaw_PBE/I_sv_GW/POTCAR,gga-pbe,I_sv_GW-gga-pbe,['I'],25.0,381.674
149,potpaw_PBE/In/POTCAR,gga-pbe,In-gga-pbe,['In'],3.0,95.934
150,potpaw_PBE/In_d/POTCAR,gga-pbe,In_d-gga-pbe,['In'],13.0,239.211
151,potpaw_PBE/In_d_GW/POTCAR,gga-pbe,In_d_GW-gga-pbe,['In'],13.0,278.624
152,potpaw_PBE/In_sv_GW/POTCAR,gga-pbe,In_sv_GW-gga-pbe,['In'],21.0,366.771
153,potpaw_PBE/Ir/POTCAR,gga-pbe,Ir-gga-pbe,['Ir'],9.0,210.864
154,potpaw_PBE/Ir_sv_GW/POTCAR,gga-pbe,Ir_sv_GW-gga-pbe,['Ir'],17.0,319.843
155,potpaw_PBE/K/POTCAR,gga-pbe,K-gga-pbe,['K'],9.0,259.216
156,potpaw_PBE/K_pv/POTCAR,gga-pbe,K_pv-gga-pbe,['K'],7.0,116.731
157,potpaw_PBE/K_sv/POTCAR,gga-pbe,K_sv-gga-pbe,['K'],9.0,259.264
158,potpaw_PBE/K_sv_GW/POTCAR,gga-pbe,K_sv_GW-gga-pbe,['K'],9.0,248.998
159,potpaw_PBE/Kr/POTCAR,gga-pbe,Kr-gga-pbe,['Kr'],8.0,185.331
160,potpaw_PBE/Kr_GW/POTCAR,gga-pbe,Kr_GW-gga-pbe,['Kr'],8.0,252.232
161,potpaw_PBE/La/POTCAR,gga-pbe,La-gga-pbe,['La'],11.0,219.292
162,potpaw_PBE/La_GW/POTCAR,gga-pbe,La_GW-gga-pbe,['La'],11.0,313.688
163,potpaw_PBE/La_s/POTCAR,gga-pbe,La_s-gga-pbe,['La'],9.0,136.53
164,potpaw_PBE/Li/POTCAR,gga-pbe,Li-gga-pbe,['Li'],1.0,140.0
165,potpaw_PBE/Li_AE_GW/POTCAR,gga-pbe,Li_AE_GW-gga-pbe,['Li'],3.0,433.699
166,potpaw_PBE/Li_GW/POTCAR,gga-pbe,Li_GW-gga-pbe,['Li'],1.0,112.104
167,potpaw_PBE/Li_sv/POTCAR,gga-pbe,Li_sv-gga-pbe,['Li'],3.0,499.034
168,potpaw_PBE/Li_sv_GW/POTCAR,gga-pbe,Li_sv_GW-gga-pbe,['Li'],3.0,433.699
169,potpaw_PBE/Lu/POTCAR,gga-pbe,Lu-gga-pbe,['Lu'],25.0,255.695
170,potpaw_PBE/Lu_3/POTCAR,gga-pbe,Lu_3-gga-pbe,['Lu'],9.0,154.992
171,potpaw_PBE/Mg/POTCAR,gga-pbe,Mg-gga-pbe,['Mg'],2.0,200.0
172,potpaw_PBE/Mg_GW/POTCAR,gga-pbe,Mg_GW-gga-pbe,['Mg'],2.0,126.143
173,potpaw_PBE/Mg_pv/POTCAR,gga-pbe,Mg_pv-gga-pbe,['Mg'],8.0,403.929
174,potpaw_PBE/Mg_pv_GW/POTCAR,gga-pbe,Mg_pv_GW-gga-pbe,['Mg'],8.0,403.929
175,potpaw_PBE/Mg_sv/POTCAR,gga-pbe,Mg_sv-gga-pbe,['Mg'],10.0,495.223
176,potpaw_PBE/Mg_sv_GW/POTCAR,gga-pbe,Mg_sv_GW-gga-pbe,['Mg'],10.0,429.893
177,potpaw_PBE/Mn/POTCAR,gga-pbe,Mn-gga-pbe,['Mn'],7.0,269.864
178,potpaw_PBE/Mn_GW/POTCAR,gga-pbe,Mn_GW-gga-pbe,['Mn'],7.0,278.466
179,potpaw_PBE/Mn_pv/POTCAR,gga-pbe,Mn_pv-gga-pbe,['Mn'],13.0,269.864
180,potpaw_PBE/Mn_sv/POTCAR,gga-pbe,Mn_sv-gga-pbe,['Mn'],15.0,387.187
181,potpaw_PBE/Mn_sv_GW/POTCAR,gga-pbe,Mn_sv_GW-gga-pbe,['Mn'],15.0,384.627
182,potpaw_PBE/Mo/POTCAR,gga-pbe,Mo-gga-pbe,['Mo'],6.0,224.584
183,potpaw_PBE/Mo_pv/POTCAR,gga-pbe,Mo_pv-gga-pbe,['Mo'],12.0,224.584
184,potpaw_PBE/Mo_sv/POTCAR,gga-pbe,Mo_sv-gga-pbe,['Mo'],14.0,242.676
185,potpaw_PBE/Mo_sv_GW/POTCAR,gga-pbe,Mo_sv_GW-gga-pbe,['Mo'],14.0,344.914
186,potpaw_PBE/N/POTCAR,gga-pbe,N-gga-pbe,['N'],5.0,400.0
187,potpaw_PBE/N_GW/POTCAR,gga-pbe,N_GW-gga-pbe,['N'],5.0,420.902
188,potpaw_PBE/N_GW_new/POTCAR,gga-pbe,N_GW_new-gga-pbe,['N'],5.0,420.902
189,potpaw_PBE/N_h/POTCAR,gga-pbe,N_h-gga-pbe,['N'],5.0,700.0
190,potpaw_PBE/N_h_GW/POTCAR,gga-pbe,N_h_GW-gga-pbe,['N'],5.0,755.582
191,potpaw_PBE/N_s/POTCAR,gga-pbe,N_s-gga-pbe,['N'],5.0,279.692
192,potpaw_PBE/N_s_GW/POTCAR,gga-pbe,N_s_GW-gga-pbe,['N'],5.0,296.495
193,potpaw_PBE/Na/POTCAR,gga-pbe,Na-gga-pbe,['Na'],1.0,101.968
194,potpaw_PBE/Na_pv/POTCAR,gga-pbe,Na_pv-gga-pbe,['Na'],7.0,259.561
195,potpaw_PBE/Na_sv/POTCAR,gga-pbe,Na_sv-gga-pbe,['Na'],9.0,645.64
196,potpaw_PBE/Na_sv_GW/POTCAR,gga-pbe,Na_sv_GW-gga-pbe,['Na'],9.0,372.853
197,potpaw_PBE/Nb/POTCAR,gga-pbe,Nb-gga-pbe,['Nb'],13.0,293.235
198,potpaw_PBE/Nb_pv/POTCAR,gga-pbe,Nb_pv-gga-pbe,['Nb'],11.0,208.608
199,potpaw_PBE/Nb_sv/POTCAR,gga-pbe,Nb_sv-gga-pbe,['Nb'],13.0,293.235
200,potpaw_PBE/Nb_sv_GW/POTCAR,gga-pbe,Nb_sv_GW-gga-pbe,['Nb'],13.0,353.872
201,potpaw_PBE/Nd/POTCAR,gga-pbe,Nd-gga-pbe,['Nd'],14.0,253.189
202,potpaw_PBE/Nd_3/POTCAR,gga-pbe,Nd_3-gga-pbe,['Nd'],11.0,182.619
203,potpaw_PBE/Ne/POTCAR,gga-pbe,Ne-gga-pbe,['Ne'],8.0,343.606
204,potpaw_PBE/Ne_GW/POTCAR,gga-pbe,Ne_GW-gga-pbe,['Ne'],8.0,432.275
205,potpaw_PBE/Ne_GW_soft/POTCAR,gga-pbe,Ne_GW_soft-gga-pbe,['Ne'],8.0,318.26
206,potpaw_PBE/Ne_s_GW/POTCAR,gga-pbe,Ne_s_GW-gga-pbe,['Ne'],8.0,318.26
207,potpaw_PBE/Ni/POTCAR,gga-pbe,Ni-gga-pbe,['Ni'],10.0,269.532
208,potpaw_PBE/Ni_GW/POTCAR,gga-pbe,Ni_GW-gga-pbe,['Ni'],10.0,357.323
209,potpaw_PBE/Ni_pv/POTCAR,gga-pbe,Ni_pv-gga-pbe,['Ni'],16.0,367.986
210,potpaw_PBE/Ni_sv_GW/POTCAR,gga-pbe,Ni_sv_GW-gga-pbe,['Ni'],18.0,389.645
211,potpaw_PBE/Np/POTCAR,gga-pbe,Np-gga-pbe,['Np'],15.0,254.26
212,potpaw_PBE/Np_s/POTCAR,gga-pbe,Np_s-gga-pbe,['Np'],15.0,207.713
213,potpaw_PBE/O/POTCAR,gga-pbe,O-gga-pbe,['O'],6.0,400.0
214,potpaw_PBE/O_GW/POTCAR,gga-pbe,O_GW-gga-pbe,['O'],6.0,414.635
215,potpaw_PBE/O_GW_new/POTCAR,gga-pbe,O_GW_new-gga-pbe,['O'],6.0,434.431
216,potpaw_PBE/O_h/POTCAR,gga-pbe,O_h-gga-pbe,['O'],6.0,700.0
217,potpaw_PBE/O_h_GW/POTCAR,gga-pbe,O_h_GW-gga-pbe,['O'],6.0,765.519
218,potpaw_PBE/O_s/POTCAR,gga-pbe,O_s-gga-pbe,['O'],6.0,282.853
219,potpaw_PBE/O_s_GW/POTCAR,gga-pbe,O_s_GW-gga-pbe,['O'],6.0,334.664
220,potpaw_PBE/Os/POTCAR,gga-pbe,Os-gga-pbe,['Os'],8.0,228.022
221,potpaw_PBE/Os_pv/POTCAR,gga-pbe,Os_pv-gga-pbe,['Os'],14.0,228.022
222,potpaw_PBE/Os_sv_GW/POTCAR,gga-pbe,Os_sv_GW-gga-pbe,['Os'],16.0,319.773
223,potpaw_PBE/P/POTCAR,gga-pbe,P-gga-pbe,['P'],5.0,255.04
224,potpaw_PBE/P_GW/POTCAR,gga-pbe,P_GW-gga-pbe,['P'],5.0,255.04
225,potpaw_PBE/P_h/POTCAR,gga-pbe,P_h-gga-pbe,['P'],5.0,390.202
226,potpaw_PBE/Pa/POTCAR,gga-pbe,Pa-gga-pbe,['Pa'],13.0,252.193
227,potpaw_PBE/Pa_s/POTCAR,gga-pbe,Pa_s-gga-pbe,['Pa'],11.0,193.466
228,potpaw_PBE/Pb/POTCAR,gga-pbe,Pb-gga-pbe,['Pb'],4.0,97.973
229,potpaw_PBE/Pb_d/POTCAR,gga-pbe,Pb_d-gga-pbe,['Pb'],14.0,237.835
230,potpaw_PBE/Pb_d_GW/POTCAR,gga-pbe,Pb_d_GW-gga-pbe,['Pb'],16.0,237.809
231,potpaw_PBE/Pb_sv_GW/POTCAR,gga-pbe,Pb_sv_GW-gga-pbe,['Pb'],22.0,317.193
232,potpaw_PBE/Pd/POTCAR,gga-pbe,Pd-gga-pbe,['Pd'],10.0,250.925
233,potpaw_PBE/Pd_GW/POTCAR,gga-pbe,Pd_GW-gga-pbe,['Pd'],10.0,250.925
234,potpaw_PBE/Pd_pv/POTCAR,gga-pbe,Pd_pv-gga-pbe,['Pd'],16.0,250.925
235,potpaw_PBE/Pd_sv_GW/POTCAR,gga-pbe,Pd_sv_GW-gga-pbe,['Pd'],18.0,356.093
236,potpaw_PBE/Pm/POTCAR,gga-pbe,Pm-gga-pbe,['Pm'],15.0,258.627
237,potpaw_PBE/Pm_3/POTCAR,gga-pbe,Pm_3-gga-pbe,['Pm'],11.0,176.959
238,potpaw_PBE/Po/POTCAR,gga-pbe,Po-gga-pbe,['Po'],6.0,159.707
239,potpaw_PBE/Po_d/POTCAR,gga-pbe,Po_d-gga-pbe,['Po'],16.0,264.565
240,potpaw_PBE/Po_d_GW/POTCAR,gga-pbe,Po_d_GW-gga-pbe,['Po'],18.0,267.847
241,potpaw_PBE/Po_sv_GW/POTCAR,gga-pbe,Po_sv_GW-gga-pbe,['Po'],24.0,326.618
242,potpaw_PBE/Pr/POTCAR,gga-pbe,Pr-gga-pbe,['Pr'],13.0,272.941
243,potpaw_PBE/Pr_3/POTCAR,gga-pbe,Pr_3-gga-pbe,['Pr'],11.0,181.719
244,potpaw_PBE/Pt/POTCAR,gga-pbe,Pt-gga-pbe,['Pt'],10.0,230.283
245,potpaw_PBE/Pt_GW/POTCAR,gga-pbe,Pt_GW-gga-pbe,['Pt'],10.0,248.716
246,potpaw_PBE/Pt_pv/POTCAR,gga-pbe,Pt_pv-gga-pbe,['Pt'],16.0,294.607
247,potpaw_PBE/Pt_pv_GW/POTCAR,gga-pbe,Pt_pv_GW-gga-pbe,['Pt'],16.0,248.716
248,potpaw_PBE/Pt_sv_GW/POTCAR,gga-pbe,Pt_sv_GW-gga-pbe,['Pt'],18.0,323.669
249,potpaw_PBE/Pu/POTCAR,gga-pbe,Pu-gga-pbe,['Pu'],16.0,254.353
250,potpaw_PBE/Pu_s/POTCAR,gga-pbe,Pu_s-gga-pbe,['Pu'],16.0,207.83
251,potpaw_PBE/Ra_sv/POTCAR,gga-pbe,Ra_sv-gga-pbe,['Ra'],10.0,237.367
252,potpaw_PBE/Rb/POTCAR,gga-pbe,Rb-gga-pbe,['Rb'],9.0,220.022
253,potpaw_PBE/Rb_pv/POTCAR,gga-pbe,Rb_pv-gga-pbe,['Rb'],7.0,121.882
254,potpaw_PBE/Rb_sv/POTCAR,gga-pbe,Rb_sv-gga-pbe,['Rb'],9.0,220.112
255,potpaw_PBE/Rb_sv_GW/POTCAR,gga-pbe,Rb_sv_GW-gga-pbe,['Rb'],9.0,221.197
256,potpaw_PBE/Re/POTCAR,gga-pbe,Re-gga-pbe,['Re'],7.0,226.216
257,potpaw_PBE/Re_pv/POTCAR,gga-pbe,Re_pv-gga-pbe,['Re'],13.0,226.216
258,potpaw_PBE/Re_sv_GW/POTCAR,gga-pbe,Re_sv_GW-gga-pbe,['Re'],15.0,317.012
259,potpaw_PBE/Rh/POTCAR,gga-pbe,Rh-gga-pbe,['Rh'],9.0,228.996
260,potpaw_PBE/Rh_GW/POTCAR,gga-pbe,Rh_GW-gga-pbe,['Rh'],9.0,247.408
261,potpaw_PBE/Rh_pv/POTCAR,gga-pbe,Rh_pv-gga-pbe,['Rh'],15.0,247.408
262,potpaw_PBE/Rh_pv_GW/POTCAR,gga-pbe,Rh_pv_GW-gga-pbe,['Rh'],15.0,247.408
263,potpaw_PBE/Rh_sv_GW/POTCAR,gga-pbe,Rh_sv_GW-gga-pbe,['Rh'],17.0,351.206
264,potpaw_PBE/Rn/POTCAR,gga-pbe,Rn-gga-pbe,['Rn'],8.0,152.121
265,potpaw_PBE/Rn_d_GW/POTCAR,gga-pbe,Rn_d_GW-gga-pbe,['Rn'],18.0,268.495
266,potpaw_PBE/Rn_sv_GW/POTCAR,gga-pbe,Rn_sv_GW-gga-pbe,['Rn'],26.0,331.173
267,potpaw_PBE/Ru/POTCAR,gga-pbe,Ru-gga-pbe,['Ru'],8.0,213.271
268,potpaw_PBE/Ru_pv/POTCAR,gga-pbe,Ru_pv-gga-pbe,['Ru'],14.0,240.049
269,potpaw_PBE/Ru_pv_GW/POTCAR,gga-pbe,Ru_pv_GW-gga-pbe,['Ru'],14.0,240.049
270,potpaw_PBE/Ru_sv/POTCAR,gga-pbe,Ru_sv-gga-pbe,['Ru'],16.0,318.855
271,potpaw_PBE/Ru_sv_GW/POTCAR,gga-pbe,Ru_sv_GW-gga-pbe,['Ru'],16.0,348.106
272,potpaw_PBE/S/POTCAR,gga-pbe,S-gga-pbe,['S'],6.0,258.689
273,potpaw_PBE/S_GW/POTCAR,gga-pbe,S_GW-gga-pbe,['S'],6.0,258.689
274,potpaw_PBE/S_h/POTCAR,gga-pbe,S_h-gga-pbe,['S'],6.0,402.436
275,potpaw_PBE/Sb/POTCAR,gga-pbe,Sb-gga-pbe,['Sb'],5.0,172.069
276,potpaw_PBE/Sb_GW/POTCAR,gga-pbe,Sb_GW-gga-pbe,['Sb'],5.0,172.069
277,potpaw_PBE/Sb_d_GW/POTCAR,gga-pbe,Sb_d_GW-gga-pbe,['Sb'],15.0,263.1
278,potpaw_PBE/Sb_sv_GW/POTCAR,gga-pbe,Sb_sv_GW-gga-pbe,['Sb'],23.0,372.491
279,potpaw_PBE/Sc/POTCAR,gga-pbe,Sc-gga-pbe,['Sc'],3.0,154.763
280,potpaw_PBE/Sc_sv/POTCAR,gga-pbe,Sc_sv-gga-pbe,['Sc'],11.0,222.66
281,potpaw_PBE/Sc_sv_GW/POTCAR,gga-pbe,Sc_sv_GW-gga-pbe,['Sc'],11.0,378.961
282,potpaw_PBE/Se/POTCAR,gga-pbe,Se-gga-pbe,['Se'],6.0,211.555
283,potpaw_PBE/Se_GW/POTCAR,gga-pbe,Se_GW-gga-pbe,['Se'],6.0,211.555
284,potpaw_PBE/Se_sv_GW/POTCAR,gga-pbe,Se_sv_GW-gga-pbe,['Se'],24.0,469.344
285,potpaw_PBE/Si/POTCAR,gga-pbe,Si-gga-pbe,['Si'],4.0,245.345
286,potpaw_PBE/Si_GW/POTCAR,gga-pbe,Si_GW-gga-pbe,['Si'],4.0,245.345
287,potpaw_PBE/Si_sv_GW/POTCAR,gga-pbe,Si_sv_GW-gga-pbe,['Si'],12.0,547.578
288,potpaw_PBE/Sm/POTCAR,gga-pbe,Sm-gga-pbe,['Sm'],16.0,257.515
289,potpaw_PBE/Sm_3/POTCAR,gga-pbe,Sm_3-gga-pbe,['Sm'],11.0,177.087
290,potpaw_PBE/Sn/POTCAR,gga-pbe,Sn-gga-pbe,['Sn'],4.0,103.236
291,potpaw_PBE/Sn_d/POTCAR,gga-pbe,Sn_d-gga-pbe,['Sn'],14.0,241.083
292,potpaw_PBE/Sn_d_GW/POTCAR,gga-pbe,Sn_d_GW-gga-pbe,['Sn'],14.0,260.066
293,potpaw_PBE/Sn_sv_GW/POTCAR,gga-pbe,Sn_sv_GW-gga-pbe,['Sn'],22.0,368.778
294,potpaw_PBE/Sr/POTCAR,gga-pbe,Sr-gga-pbe,['Sr'],10.0,229.282
295,potpaw_PBE/Sr_sv/POTCAR,gga-pbe,Sr_sv-gga-pbe,['Sr'],10.0,229.353
296,potpaw_PBE/Sr_sv_GW/POTCAR,gga-pbe,Sr_sv_GW-gga-pbe,['Sr'],10.0,224.817
297,potpaw_PBE/Ta/POTCAR,gga-pbe,Ta-gga-pbe,['Ta'],5.0,223.667
298,potpaw_PBE/Ta_pv/POTCAR,gga-pbe,Ta_pv-gga-pbe,['Ta'],11.0,223.667
299,potpaw_PBE/Ta_sv_GW/POTCAR,gga-pbe,Ta_sv_GW-gga-pbe,['Ta'],13.0,286.008
300,potpaw_PBE/Tb/POTCAR,gga-pbe,Tb-gga-pbe,['Tb'],19.0,264.824
301,potpaw_PBE/Tb_3/POTCAR,gga-pbe,Tb_3-gga-pbe,['Tb'],9.0,155.613
302,potpaw_PBE/Tc/POTCAR,gga-pbe,Tc-gga-pbe,['Tc'],7.0,228.694
303,potpaw_PBE/Tc_pv/POTCAR,gga-pbe,Tc_pv-gga-pbe,['Tc'],13.0,263.523
304,potpaw_PBE/Tc_sv/POTCAR,gga-pbe,Tc_sv-gga-pbe,['Tc'],15.0,318.703
305,potpaw_PBE/Tc_sv_GW/POTCAR,gga-pbe,Tc_sv_GW-gga-pbe,['Tc'],15.0,351.044
306,potpaw_PBE/Te/POTCAR,gga-pbe,Te-gga-pbe,['Te'],6.0,174.982
307,potpaw_PBE/Te_GW/POTCAR,gga-pbe,Te_GW-gga-pbe,['Te'],6.0,174.982
308,potpaw_PBE/Te_sv_GW/POTCAR,gga-pbe,Te_sv_GW-gga-pbe,['Te'],24.0,376.618
309,potpaw_PBE/Th/POTCAR,gga-pbe,Th-gga-pbe,['Th'],12.0,247.306
310,potpaw_PBE/Th_s/POTCAR,gga-pbe,Th_s-gga-pbe,['Th'],10.0,169.363
311,potpaw_PBE/Ti/POTCAR,gga-pbe,Ti-gga-pbe,['Ti'],4.0,178.33
312,potpaw_PBE/Ti_pv/POTCAR,gga-pbe,Ti_pv-gga-pbe,['Ti'],10.0,222.335
313,potpaw_PBE/Ti_sv/POTCAR,gga-pbe,Ti_sv-gga-pbe,['Ti'],12.0,274.61
314,potpaw_PBE/Ti_sv_GW/POTCAR,gga-pbe,Ti_sv_GW-gga-pbe,['Ti'],12.0,383.774
315,potpaw_PBE/Tl/POTCAR,gga-pbe,Tl-gga-pbe,['Tl'],3.0,90.14
316,potpaw_PBE/Tl_d/POTCAR,gga-pbe,Tl_d-gga-pbe,['Tl'],13.0,237.053
317,potpaw_PBE/Tl_d_GW/POTCAR,gga-pbe,Tl_d_GW-gga-pbe,['Tl'],15.0,237.053
318,potpaw_PBE/Tl_sv_GW/POTCAR,gga-pbe,Tl_sv_GW-gga-pbe,['Tl'],21.0,316.583
319,potpaw_PBE/Tm/POTCAR,gga-pbe,Tm-gga-pbe,['Tm'],23.0,257.42
320,potpaw_PBE/Tm_3/POTCAR,gga-pbe,Tm_3-gga-pbe,['Tm'],9.0,149.221
321,potpaw_PBE/U/POTCAR,gga-pbe,U-gga-pbe,['U'],14.0,252.502
322,potpaw_PBE/U_s/POTCAR,gga-pbe,U_s-gga-pbe,['U'],14.0,209.23
323,potpaw_PBE/V/POTCAR,gga-pbe,V-gga-pbe,['V'],5.0,192.543
324,potpaw_PBE/V_pv/POTCAR,gga-pbe,V_pv-gga-pbe,['V'],11.0,263.673
325,potpaw_PBE/V_sv/POTCAR,gga-pbe,V_sv-gga-pbe,['V'],13.0,263.673
326,potpaw_PBE/V_sv_GW/POTCAR,gga-pbe,V_sv_GW-gga-pbe,['V'],13.0,382.321
327,potpaw_PBE/W/POTCAR,gga-pbe,W-gga-pbe,['W'],6.0,223.057
328,potpaw_PBE/W_pv/POTCAR,gga-pbe,W_pv-gga-pbe,['W'],12.0,223.057
329,potpaw_PBE/W_sv/POTCAR,gga-pbe,W_sv-gga-pbe,['W'],14.0,223.057
330,potpaw_PBE/W_sv_GW/POTCAR,gga-pbe,W_sv_GW-gga-pbe,['W'],14.0,317.132
331,potpaw_PBE/Xe/POTCAR,gga-pbe,Xe-gga-pbe,['Xe'],8.0,153.118
332,potpaw_PBE/Xe_GW/POTCAR,gga-pbe,Xe_GW-gga-pbe,['Xe'],8.0,179.547
333,potpaw_PBE/Xe_sv_GW/POTCAR,gga-pbe,Xe_sv_GW-gga-pbe,['Xe'],26.0,400.476
334,potpaw_PBE/Y/POTCAR,gga-pbe,Y-gga-pbe,['Y'],11.0,211.641
335,potpaw_PBE/Y_sv/POTCAR,gga-pbe,Y_sv-gga-pbe,['Y'],11.0,202.626
336,potpaw_PBE/Y_sv_GW/POTCAR,gga-pbe,Y_sv_GW-gga-pbe,['Y'],11.0,339.758
337,potpaw_PBE/Yb/POTCAR,gga-pbe,Yb-gga-pbe,['Yb'],24.0,253.028
338,potpaw_PBE/Yb_2/POTCAR,gga-pbe,Yb_2-gga-pbe,['Yb'],8.0,112.578
339,potpaw_PBE/Yb_3/POTCAR,gga-pbe,Yb_3-gga-pbe,['Yb'],9.0,188.359
340,potpaw_PBE/Zn/POTCAR,gga-pbe,Zn-gga-pbe,['Zn'],12.0,276.723
341,potpaw_PBE/Zn_GW/POTCAR,gga-pbe,Zn_GW-gga-pbe,['Zn'],12.0,328.191
342,potpaw_PBE/Zn_pv_GW/POTCAR,gga-pbe,Zn_pv_GW-gga-pbe,['Zn'],18.0,360.246
343,potpaw_PBE/Zn_sv_GW/POTCAR,gga-pbe,Zn_sv_GW-gga-pbe,['Zn'],20.0,401.665
344,potpaw_PBE/Zr/POTCAR,gga-pbe,Zr-gga-pbe,['Zr'],4.0,154.632
345,potpaw_PBE/Zr_sv/POTCAR,gga-pbe,Zr_sv-gga-pbe,['Zr'],12.0,229.898
346,potpaw_PBE/Zr_sv_GW/POTCAR,gga-pbe,Zr_sv_GW-gga-pbe,['Zr'],12.0,346.364
347,potpaw/Ac/POTCAR,lda,Ac-lda,['Ac'],11.0,170.048
348,potpaw/Ag/POTCAR,lda,Ag-lda,['Ag'],11.0,249.752
349,potpaw/Ag_GW/POTCAR,lda,Ag_GW-lda,['Ag'],11.0,249.752
350,potpaw/Ag_pv/POTCAR,lda,Ag_pv-lda,['Ag'],17.0,297.68
351,potpaw/Ag_sv_GW/POTCAR,lda,Ag_sv_GW-lda,['Ag'],19.0,354.226
352,potpaw/Al/POTCAR,lda,Al-lda,['Al'],3.0,240.957
353,potpaw/Al_GW/POTCAR,lda,Al_GW-lda,['Al'],3.0,240.957
354,potpaw/Al_sv_GW/POTCAR,lda,Al_sv_GW-lda,['Al'],11.0,411.007
355,potpaw/Am/POTCAR,lda,Am-lda,['Am'],17.0,255.953
356,potpaw/Ar/POTCAR,lda,Ar-lda,['Ar'],8.0,266.101
357,potpaw/Ar_GW/POTCAR,lda,Ar_GW-lda,['Ar'],8.0,290.518
358,potpaw/As/POTCAR,lda,As-lda,['As'],5.0,208.87
359,potpaw/As_GW/POTCAR,lda,As_GW-lda,['As'],5.0,208.87
360,potpaw/As_d/POTCAR,lda,As_d-lda,['As'],15.0,288.762
361,potpaw/As_sv_GW/POTCAR,lda,As_sv_GW-lda,['As'],23.0,415.514
362,potpaw/At/POTCAR,lda,At-lda,['At'],7.0,161.481
363,potpaw/At_d/POTCAR,lda,At_d-lda,['At'],17.0,266.303
364,potpaw/At_d_GW/POTCAR,lda,At_d_GW-lda,['At'],17.0,266.303
365,potpaw/At_sv_GW/POTCAR,lda,At_sv_GW-lda,['At'],25.0,328.597
366,potpaw/Au/POTCAR,lda,Au-lda,['Au'],11.0,229.869
367,potpaw/Au_GW/POTCAR,lda,Au_GW-lda,['Au'],11.0,248.263
368,potpaw/Au_pv_GW/POTCAR,lda,Au_pv_GW-lda,['Au'],17.0,248.263
369,potpaw/Au_sv_GW/POTCAR,lda,Au_sv_GW-lda,['Au'],19.0,306.52
370,potpaw/B/POTCAR,lda,B-lda,['B'],3.0,318.762
371,potpaw/B_GW/POTCAR,lda,B_GW-lda,['B'],3.0,318.762
372,potpaw/B_h/POTCAR,lda,B_h-lda,['B'],3.0,700.0
373,potpaw/B_s/POTCAR,lda,B_s-lda,['B'],3.0,269.251
374,potpaw/Ba/POTCAR,lda,Ba-lda,['Ba'],10.0,186.981
375,potpaw/Ba_sv/POTCAR,lda,Ba_sv-lda,['Ba'],10.0,186.981
376,potpaw/Ba_sv_GW/POTCAR,lda,Ba_sv_GW-lda,['Ba'],10.0,237.484
377,potpaw/Be/POTCAR,lda,Be-lda,['Be'],2.0,247.951
378,potpaw/Be_GW/POTCAR,lda,Be_GW-lda,['Be'],2.0,247.951
379,potpaw/Be_sv/POTCAR,lda,Be_sv-lda,['Be'],4.0,308.45
380,potpaw/Be_sv_GW/POTCAR,lda,Be_sv_GW-lda,['Be'],4.0,536.216
381,potpaw/Bi/POTCAR,lda,Bi-lda,['Bi'],5.0,105.071
382,potpaw/Bi_GW/POTCAR,lda,Bi_GW-lda,['Bi'],5.0,146.628
383,potpaw/Bi_d/POTCAR,lda,Bi_d-lda,['Bi'],15.0,242.856
384,potpaw/Bi_d_GW/POTCAR,lda,Bi_d_GW-lda,['Bi'],17.0,261.89
385,potpaw/Bi_sv_GW/POTCAR,lda,Bi_sv_GW-lda,['Bi'],23.0,323.502
386,potpaw/Br/POTCAR,lda,Br-lda,['Br'],7.0,216.224
387,potpaw/Br_GW/POTCAR,lda,Br_GW-lda,['Br'],7.0,216.224
388,potpaw/Br_sv_GW/POTCAR,lda,Br_sv_GW-lda,['Br'],25.0,475.88
389,potpaw/C/POTCAR,lda,C-lda,['C'],4.0,400.0
390,potpaw/C_GW/POTCAR,lda,C_GW-lda,['C'],4.0,413.992
391,potpaw/C_GW_new/POTCAR,lda,C_GW_new-lda,['C'],4.0,413.992
392,potpaw/C_h/POTCAR,lda,C_h-lda,['C'],4.0,700.0
393,potpaw/C_h_GW/POTCAR,lda,C_h_GW-lda,['C'],4.0,742.464
394,potpaw/C_s/POTCAR,lda,C_s-lda,['C'],4.0,273.704
395,potpaw/Ca/POTCAR,lda,Ca-lda,['Ca'],10.0,266.727
396,potpaw/Ca_pv/POTCAR,lda,Ca_pv-lda,['Ca'],8.0,119.552
397,potpaw/Ca_sv/POTCAR,lda,Ca_sv-lda,['Ca'],10.0,266.727
398,potpaw/Ca_sv_GW/POTCAR,lda,Ca_sv_GW-lda,['Ca'],10.0,281.209
399,potpaw/Cd/POTCAR,lda,Cd-lda,['Cd'],12.0,274.265
400,potpaw/Cd_GW/POTCAR,lda,Cd_GW-lda,['Cd'],12.0,253.99
401,potpaw/Cd_pv_GW/POTCAR,lda,Cd_pv_GW-lda,['Cd'],18.0,396.576
402,potpaw/Cd_sv_GW/POTCAR,lda,Cd_sv_GW-lda,['Cd'],20.0,361.653
403,potpaw/Ce/POTCAR,lda,Ce-lda,['Ce'],12.0,273.088
404,potpaw/Ce_GW/POTCAR,lda,Ce_GW-lda,['Ce'],12.0,304.649
405,potpaw/Ce_h/POTCAR,lda,Ce_h-lda,['Ce'],12.0,299.927
406,potpaw/Cl/POTCAR,lda,Cl-lda,['Cl'],7.0,262.25
407,potpaw/Cl_GW/POTCAR,lda,Cl_GW-lda,['Cl'],7.0,262.25
408,potpaw/Cl_h/POTCAR,lda,Cl_h-lda,['Cl'],7.0,409.272
409,potpaw/Cm/POTCAR,lda,Cm-lda,['Cm'],18.0,258.027
410,potpaw/Co/POTCAR,lda,Co-lda,['Co'],9.0,268.056
411,potpaw/Co_GW/POTCAR,lda,Co_GW-lda,['Co'],9.0,323.447
412,potpaw/Co_pv/POTCAR,lda,Co_pv-lda,['Co'],15.0,270.871
413,potpaw/Co_sv/POTCAR,lda,Co_sv-lda,['Co'],17.0,390.343
414,potpaw/Co_sv_GW/POTCAR,lda,Co_sv_GW-lda,['Co'],17.0,387.407
415,potpaw/Cr/POTCAR,lda,Cr-lda,['Cr'],6.0,227.202
416,potpaw/Cr_pv/POTCAR,lda,Cr_pv-lda,['Cr'],12.0,265.753
417,potpaw/Cr_sv/POTCAR,lda,Cr_sv-lda,['Cr'],14.0,395.443
418,potpaw/Cr_sv_GW/POTCAR,lda,Cr_sv_GW-lda,['Cr'],14.0,384.753
419,potpaw/Cs/POTCAR,lda,Cs-lda,['Cs'],9.0,220.727
420,potpaw/Cs_sv/POTCAR,lda,Cs_sv-lda,['Cs'],9.0,220.727
421,potpaw/Cs_sv_GW/POTCAR,lda,Cs_sv_GW-lda,['Cs'],9.0,198.012
422,potpaw/Cu/POTCAR,lda,Cu-lda,['Cu'],11.0,295.521
423,potpaw/Cu_GW/POTCAR,lda,Cu_GW-lda,['Cu'],11.0,417.032
424,potpaw/Cu_pv/POTCAR,lda,Cu_pv-lda,['Cu'],17.0,368.406
425,potpaw/Cu_pv_GW/POTCAR,lda,Cu_pv_GW-lda,['Cu'],17.0,466.991
426,potpaw/Cu_sv_GW/POTCAR,lda,Cu_sv_GW-lda,['Cu'],19.0,391.702
427,potpaw/F/POTCAR,lda,F-lda,['F'],7.0,400.0
428,potpaw/F_GW/POTCAR,lda,F_GW-lda,['F'],7.0,487.335
429,potpaw/F_GW_new/POTCAR,lda,F_GW_new-lda,['F'],7.0,487.335
430,potpaw/F_h/POTCAR,lda,F_h-lda,['F'],7.0,772.351
431,potpaw/F_h_GW/POTCAR,lda,F_h_GW-lda,['F'],7.0,847.822
432,potpaw/F_s/POTCAR,lda,F_s-lda,['F'],7.0,289.647
433,potpaw/Fe/POTCAR,lda,Fe-lda,['Fe'],8.0,267.969
434,potpaw/Fe_GW/POTCAR,lda,Fe_GW-lda,['Fe'],8.0,321.044
435,potpaw/Fe_pv/POTCAR,lda,Fe_pv-lda,['Fe'],14.0,293.303
436,potpaw/Fe_sv/POTCAR,lda,Fe_sv-lda,['Fe'],16.0,390.513
437,potpaw/Fe_sv_GW/POTCAR,lda,Fe_sv_GW-lda,['Fe'],16.0,387.727
438,potpaw/Fr_sv/POTCAR,lda,Fr_sv-lda,['Fr'],9.0,214.489
439,potpaw/Ga/POTCAR,lda,Ga-lda,['Ga'],3.0,134.8
440,potpaw/Ga_GW/POTCAR,lda,Ga_GW-lda,['Ga'],3.0,134.8
441,potpaw/Ga_d/POTCAR,lda,Ga_d-lda,['Ga'],13.0,282.829
442,potpaw/Ga_d_GW/POTCAR,lda,Ga_d_GW-lda,['Ga'],13.0,404.723
443,potpaw/Ga_h/POTCAR,lda,Ga_h-lda,['Ga'],13.0,404.723
444,potpaw/Ga_pv_GW/POTCAR,lda,Ga_pv_GW-lda,['Ga'],19.0,422.753
445,potpaw/Ga_sv_GW/POTCAR,lda,Ga_sv_GW-lda,['Ga'],21.0,404.723
446,potpaw/Ge/POTCAR,lda,Ge-lda,['Ge'],4.0,173.969
447,potpaw/Ge_GW/POTCAR,lda,Ge_GW-lda,['Ge'],4.0,173.969
448,potpaw/Ge_d/POTCAR,lda,Ge_d-lda,['Ge'],14.0,310.448
449,potpaw/Ge_d_GW/POTCAR,lda,Ge_d_GW-lda,['Ge'],14.0,375.614
450,potpaw/Ge_h/POTCAR,lda,Ge_h-lda,['Ge'],14.0,410.604
451,potpaw/Ge_sv_GW/POTCAR,lda,Ge_sv_GW-lda,['Ge'],22.0,410.604
452,potpaw/H/POTCAR,lda,H-lda,['H'],1.0,250.0
453,potpaw/H.25/POTCAR,lda,H.25-lda,['H.25'],0.25,250.0
454,potpaw/H.33/POTCAR,lda,H.33-lda,['H.33'],0.33,250.0
455,potpaw/H.42/POTCAR,lda,H.42-lda,['H.42'],0.42,250.0
456,potpaw/H.5/POTCAR,lda,H.5-lda,['H.5'],0.5,250.0
457,potpaw/H.58/POTCAR,lda,H.58-lda,['H.58'],0.58,250.0
458,potpaw/H.66/POTCAR,lda,H.66-lda,['H.66'],0.66,250.0
459,potpaw/H.75/POTCAR,lda,H.75-lda,['H.75'],0.75,250.0
460,potpaw/H1.25/POTCAR,lda,H1.25-lda,['H1.25'],1.25,250.0
461,potpaw/H1.33/POTCAR,lda,H1.33-lda,['H1.33'],1.33,250.0
462,potpaw/H1.5/POTCAR,lda,H1.5-lda,['H1.5'],1.5,250.0
463,potpaw/H1.66/POTCAR,lda,H1.66-lda,['H1.66'],1.66,250.0
464,potpaw/H1.75/POTCAR,lda,H1.75-lda,['H1.75'],1.75,250.0
465,potpaw/H_AE/POTCAR,lda,H_AE-lda,['H'],1.0,1000.0
466,potpaw/H_GW/POTCAR,lda,H_GW-lda,['H'],1.0,300.0
467,potpaw/H_h/POTCAR,lda,H_h-lda,['H'],1.0,700.0
468,potpaw/H_h_GW/POTCAR,lda,H_h_GW-lda,['H'],1.0,700.0
469,potpaw/H_s/POTCAR,lda,H_s-lda,['H'],1.0,200.0
470,potpaw/He/POTCAR,lda,He-lda,['He'],2.0,477.779
471,potpaw/He_GW/POTCAR,lda,He_GW-lda,['He'],2.0,404.806
472,potpaw/Hf/POTCAR,lda,Hf-lda,['Hf'],4.0,220.431
473,potpaw/Hf_pv/POTCAR,lda,Hf_pv-lda,['Hf'],10.0,220.431
474,potpaw/Hf_sv/POTCAR,lda,Hf_sv-lda,['Hf'],12.0,237.414
475,potpaw/Hf_sv_GW/POTCAR,lda,Hf_sv_GW-lda,['Hf'],12.0,282.716
476,potpaw/Hg/POTCAR,lda,Hg-lda,['Hg'],12.0,233.142
477,potpaw/Hg_sv_GW/POTCAR,lda,Hg_sv_GW-lda,['Hg'],20.0,311.949
478,potpaw/I/POTCAR,lda,I-lda,['I'],7.0,175.712
479,potpaw/I_GW/POTCAR,lda,I_GW-lda,['I'],7.0,175.712
480,potpaw/I_sv_GW/POTCAR,lda,I_sv_GW-lda,['I'],25.0,381.757
481,potpaw/In/POTCAR,lda,In-lda,['In'],3.0,96.062
482,potpaw/In_d/POTCAR,lda,In_d-lda,['In'],13.0,239.196
483,potpaw/In_d_GW/POTCAR,lda,In_d_GW-lda,['In'],13.0,278.582
484,potpaw/In_sv_GW/POTCAR,lda,In_sv_GW-lda,['In'],21.0,366.636
485,potpaw/Ir/POTCAR,lda,Ir-lda,['Ir'],9.0,210.837
486,potpaw/Ir_sv_GW/POTCAR,lda,Ir_sv_GW-lda,['Ir'],17.0,319.708
487,potpaw/K/POTCAR,lda,K-lda,['K'],9.0,259.28
488,potpaw/K_pv/POTCAR,lda,K_pv-lda,['K'],7.0,116.596
489,potpaw/K_sv/POTCAR,lda,K_sv-lda,['K'],9.0,259.279
490,potpaw/K_sv_GW/POTCAR,lda,K_sv_GW-lda,['K'],9.0,248.606
491,potpaw/Kr/POTCAR,lda,Kr-lda,['Kr'],8.0,185.392
492,potpaw/Kr_GW/POTCAR,lda,Kr_GW-lda,['Kr'],8.0,252.563
493,potpaw/La/POTCAR,lda,La-lda,['La'],11.0,219.044
494,potpaw/La_GW/POTCAR,lda,La_GW-lda,['La'],11.0,313.728
495,potpaw/La_s/POTCAR,lda,La_s-lda,['La'],9.0,136.594
496,potpaw/Li/POTCAR,lda,Li-lda,['Li'],1.0,140.0
497,potpaw/Li_AE_GW/POTCAR,lda,Li_AE_GW-lda,['Li'],3.0,433.253
498,potpaw/Li_GW/POTCAR,lda,Li_GW-lda,['Li'],1.0,112.417
499,potpaw/Li_sv/POTCAR,lda,Li_sv-lda,['Li'],3.0,498.387
500,potpaw/Li_sv_GW/POTCAR,lda,Li_sv_GW-lda,['Li'],3.0,433.253
501,potpaw/Mg/POTCAR,lda,Mg-lda,['Mg'],2.0,200.0
502,potpaw/Mg_GW/POTCAR,lda,Mg_GW-lda,['Mg'],2.0,126.671
503,potpaw/Mg_pv/POTCAR,lda,Mg_pv-lda,['Mg'],8.0,403.538
504,potpaw/Mg_pv_GW/POTCAR,lda,Mg_pv_GW-lda,['Mg'],8.0,403.538
505,potpaw/Mg_sv/POTCAR,lda,Mg_sv-lda,['Mg'],10.0,473.54
506,potpaw/Mg_sv_GW/POTCAR,lda,Mg_sv_GW-lda,['Mg'],10.0,430.099
507,potpaw/Mn/POTCAR,lda,Mn-lda,['Mn'],7.0,269.944
508,potpaw/Mn_GW/POTCAR,lda,Mn_GW-lda,['Mn'],7.0,278.537
509,potpaw/Mn_pv/POTCAR,lda,Mn_pv-lda,['Mn'],13.0,269.944
510,potpaw/Mn_sv/POTCAR,lda,Mn_sv-lda,['Mn'],15.0,387.112
511,potpaw/Mn_sv_GW/POTCAR,lda,Mn_sv_GW-lda,['Mn'],15.0,384.488
512,potpaw/Mo/POTCAR,lda,Mo-lda,['Mo'],6.0,224.535
513,potpaw/Mo_pv/POTCAR,lda,Mo_pv-lda,['Mo'],12.0,224.535
514,potpaw/Mo_sv/POTCAR,lda,Mo_sv-lda,['Mo'],14.0,236.514
515,potpaw/Mo_sv_GW/POTCAR,lda,Mo_sv_GW-lda,['Mo'],14.0,344.65
516,potpaw/N/POTCAR,lda,N-lda,['N'],5.0,400.0
517,potpaw/N_GW/POTCAR,lda,N_GW-lda,['N'],5.0,420.681
518,potpaw/N_GW_new/POTCAR,lda,N_GW_new-lda,['N'],5.0,420.681
519,potpaw/N_h/POTCAR,lda,N_h-lda,['N'],5.0,700.0
520,potpaw/N_h_GW/POTCAR,lda,N_h_GW-lda,['N'],5.0,755.833
521,potpaw/N_s/POTCAR,lda,N_s-lda,['N'],5.0,279.424
522,potpaw/N_s_GW/POTCAR,lda,N_s_GW-lda,['N'],5.0,296.222
523,potpaw/Na/POTCAR,lda,Na-lda,['Na'],1.0,101.956
524,potpaw/Na_pv/POTCAR,lda,Na_pv-lda,['Na'],7.0,259.494
525,potpaw/Na_sv/POTCAR,lda,Na_sv-lda,['Na'],9.0,644.874
526,potpaw/Na_sv_GW/POTCAR,lda,Na_sv_GW-lda,['Na'],9.0,372.86
527,potpaw/Nb/POTCAR,lda,Nb-lda,['Nb'],13.0,293.304
528,potpaw/Nb_pv/POTCAR,lda,Nb_pv-lda,['Nb'],11.0,207.263
529,potpaw/Nb_sv/POTCAR,lda,Nb_sv-lda,['Nb'],13.0,293.304
530,potpaw/Nb_sv_GW/POTCAR,lda,Nb_sv_GW-lda,['Nb'],13.0,353.857
531,potpaw/Ne/POTCAR,lda,Ne-lda,['Ne'],8.0,343.403
532,potpaw/Ne_GW/POTCAR,lda,Ne_GW-lda,['Ne'],8.0,431.952
533,potpaw/Ne_GW_soft/POTCAR,lda,Ne_GW_soft-lda,['Ne'],8.0,317.594
534,potpaw/Ne_s_GW/POTCAR,lda,Ne_s_GW-lda,['Ne'],8.0,317.594
535,potpaw/Ni/POTCAR,lda,Ni-lda,['Ni'],10.0,269.618
536,potpaw/Ni_GW/POTCAR,lda,Ni_GW-lda,['Ni'],10.0,357.352
537,potpaw/Ni_pv/POTCAR,lda,Ni_pv-lda,['Ni'],16.0,367.726
538,potpaw/Ni_sv_GW/POTCAR,lda,Ni_sv_GW-lda,['Ni'],18.0,389.485
539,potpaw/Np/POTCAR,lda,Np-lda,['Np'],15.0,254.349
540,potpaw/Np_s/POTCAR,lda,Np_s-lda,['Np'],15.0,213.932
541,potpaw/O/POTCAR,lda,O-lda,['O'],6.0,400.0
542,potpaw/O_GW/POTCAR,lda,O_GW-lda,['O'],6.0,414.315
543,potpaw/O_GW_new/POTCAR,lda,O_GW_new-lda,['O'],6.0,433.745
544,potpaw/O_h/POTCAR,lda,O_h-lda,['O'],6.0,700.0
545,potpaw/O_h_GW/POTCAR,lda,O_h_GW-lda,['O'],6.0,765.442
546,potpaw/O_s/POTCAR,lda,O_s-lda,['O'],6.0,282.604
547,potpaw/O_s_GW/POTCAR,lda,O_s_GW-lda,['O'],6.0,334.366
548,potpaw/Os/POTCAR,lda,Os-lda,['Os'],8.0,228.023
549,potpaw/Os_pv/POTCAR,lda,Os_pv-lda,['Os'],14.0,228.023
550,potpaw/Os_sv_GW/POTCAR,lda,Os_sv_GW-lda,['Os'],16.0,319.628
551,potpaw/P/POTCAR,lda,P-lda,['P'],5.0,255.155
552,potpaw/P_GW/POTCAR,lda,P_GW-lda,['P'],5.0,255.155
553,potpaw/P_h/POTCAR,lda,P_h-lda,['P'],5.0,390.903
554,potpaw/Pa/POTCAR,lda,Pa-lda,['Pa'],13.0,252.31
555,potpaw/Pa_s/POTCAR,lda,Pa_s-lda,['Pa'],11.0,193.642
556,potpaw/Pb/POTCAR,lda,Pb-lda,['Pb'],4.0,98.039
557,potpaw/Pb_d/POTCAR,lda,Pb_d-lda,['Pb'],14.0,237.817
558,potpaw/Pb_d_GW/POTCAR,lda,Pb_d_GW-lda,['Pb'],16.0,237.793
559,potpaw/Pb_sv_GW/POTCAR,lda,Pb_sv_GW-lda,['Pb'],22.0,317.138
560,potpaw/Pd/POTCAR,lda,Pd-lda,['Pd'],10.0,250.832
561,potpaw/Pd_GW/POTCAR,lda,Pd_GW-lda,['Pd'],10.0,250.832
562,potpaw/Pd_pv/POTCAR,lda,Pd_pv-lda,['Pd'],16.0,250.832
563,potpaw/Pd_sv_GW/POTCAR,lda,Pd_sv_GW-lda,['Pd'],18.0,355.88
564,potpaw/Po/POTCAR,lda,Po-lda,['Po'],6.0,159.801
565,potpaw/Po_d/POTCAR,lda,Po_d-lda,['Po'],16.0,264.606
566,potpaw/Po_d_GW/POTCAR,lda,Po_d_GW-lda,['Po'],18.0,267.666
567,potpaw/Po_sv_GW/POTCAR,lda,Po_sv_GW-lda,['Po'],24.0,326.653
568,potpaw/Pt/POTCAR,lda,Pt-lda,['Pt'],10.0,230.228
569,potpaw/Pt_GW/POTCAR,lda,Pt_GW-lda,['Pt'],10.0,248.657
570,potpaw/Pt_pv/POTCAR,lda,Pt_pv-lda,['Pt'],16.0,294.53
571,potpaw/Pt_pv_GW/POTCAR,lda,Pt_pv_GW-lda,['Pt'],16.0,248.657
572,potpaw/Pt_sv_GW/POTCAR,lda,Pt_sv_GW-lda,['Pt'],18.0,323.536
573,potpaw/Pu/POTCAR,lda,Pu-lda,['Pu'],16.0,254.436
574,potpaw/Pu_s/POTCAR,lda,Pu_s-lda,['Pu'],16.0,211.493
575,potpaw/Ra_sv/POTCAR,lda,Ra_sv-lda,['Ra'],10.0,237.216
576,potpaw/Rb/POTCAR,lda,Rb-lda,['Rb'],9.0,220.215
577,potpaw/Rb_pv/POTCAR,lda,Rb_pv-lda,['Rb'],7.0,122.21
578,potpaw/Rb_sv/POTCAR,lda,Rb_sv-lda,['Rb'],9.0,220.215
579,potpaw/Rb_sv_GW/POTCAR,lda,Rb_sv_GW-lda,['Rb'],9.0,220.92
580,potpaw/Re/POTCAR,lda,Re-lda,['Re'],7.0,226.25
581,potpaw/Re_pv/POTCAR,lda,Re_pv-lda,['Re'],13.0,226.25
582,potpaw/Re_sv_GW/POTCAR,lda,Re_sv_GW-lda,['Re'],15.0,316.85
583,potpaw/Rh/POTCAR,lda,Rh-lda,['Rh'],9.0,228.926
584,potpaw/Rh_GW/POTCAR,lda,Rh_GW-lda,['Rh'],9.0,247.321
585,potpaw/Rh_pv/POTCAR,lda,Rh_pv-lda,['Rh'],15.0,247.321
586,potpaw/Rh_pv_GW/POTCAR,lda,Rh_pv_GW-lda,['Rh'],15.0,247.321
587,potpaw/Rh_sv_GW/POTCAR,lda,Rh_sv_GW-lda,['Rh'],17.0,350.989
588,potpaw/Rn/POTCAR,lda,Rn-lda,['Rn'],8.0,152.086
589,potpaw/Rn_d_GW/POTCAR,lda,Rn_d_GW-lda,['Rn'],18.0,268.546
590,potpaw/Rn_sv_GW/POTCAR,lda,Rn_sv_GW-lda,['Rn'],26.0,331.257
591,potpaw/Ru/POTCAR,lda,Ru-lda,['Ru'],8.0,213.221
592,potpaw/Ru_pv/POTCAR,lda,Ru_pv-lda,['Ru'],14.0,239.907
593,potpaw/Ru_pv_GW/POTCAR,lda,Ru_pv_GW-lda,['Ru'],14.0,239.907
594,potpaw/Ru_sv/POTCAR,lda,Ru_sv-lda,['Ru'],16.0,318.687
595,potpaw/Ru_sv_GW/POTCAR,lda,Ru_sv_GW-lda,['Ru'],16.0,347.881
596,potpaw/S/POTCAR,lda,S-lda,['S'],6.0,258.602
597,potpaw/S_GW/POTCAR,lda,S_GW-lda,['S'],6.0,258.602
598,potpaw/S_h/POTCAR,lda,S_h-lda,['S'],6.0,402.84
599,potpaw/Sb/POTCAR,lda,Sb-lda,['Sb'],5.0,172.301
600,potpaw/Sb_GW/POTCAR,lda,Sb_GW-lda,['Sb'],5.0,172.301
601,potpaw/Sb_d_GW/POTCAR,lda,Sb_d_GW-lda,['Sb'],15.0,263.147
602,potpaw/Sb_sv_GW/POTCAR,lda,Sb_sv_GW-lda,['Sb'],23.0,372.498
603,potpaw/Sc/POTCAR,lda,Sc-lda,['Sc'],3.0,155.006
604,potpaw/Sc_sv/POTCAR,lda,Sc_sv-lda,['Sc'],11.0,222.7
605,potpaw/Sc_sv_GW/POTCAR,lda,Sc_sv_GW-lda,['Sc'],11.0,378.598
606,potpaw/Se/POTCAR,lda,Se-lda,['Se'],6.0,211.602
607,potpaw/Se_GW/POTCAR,lda,Se_GW-lda,['Se'],6.0,211.602
608,potpaw/Se_sv_GW/POTCAR,lda,Se_sv_GW-lda,['Se'],24.0,469.258
609,potpaw/Si/POTCAR,lda,Si-lda,['Si'],4.0,245.704
610,potpaw/Si_GW/POTCAR,lda,Si_GW-lda,['Si'],4.0,245.704
611,potpaw/Si_sv_GW/POTCAR,lda,Si_sv_GW-lda,['Si'],12.0,546.548
612,potpaw/Sn/POTCAR,lda,Sn-lda,['Sn'],4.0,103.318
613,potpaw/Sn_d/POTCAR,lda,Sn_d-lda,['Sn'],14.0,241.107
614,potpaw/Sn_d_GW/POTCAR,lda,Sn_d_GW-lda,['Sn'],14.0,260.086
615,potpaw/Sn_sv_GW/POTCAR,lda,Sn_sv_GW-lda,['Sn'],22.0,368.704
616,potpaw/Sr/POTCAR,lda,Sr-lda,['Sr'],10.0,226.327
617,potpaw/Sr_sv/POTCAR,lda,Sr_sv-lda,['Sr'],10.0,226.327
618,potpaw/Sr_sv_GW/POTCAR,lda,Sr_sv_GW-lda,['Sr'],10.0,224.532
619,potpaw/Ta/POTCAR,lda,Ta-lda,['Ta'],5.0,223.759
620,potpaw/Ta_pv/POTCAR,lda,Ta_pv-lda,['Ta'],11.0,223.759
621,potpaw/Ta_sv_GW/POTCAR,lda,Ta_sv_GW-lda,['Ta'],13.0,285.798
622,potpaw/Tc/POTCAR,lda,Tc-lda,['Tc'],7.0,228.636
623,potpaw/Tc_pv/POTCAR,lda,Tc_pv-lda,['Tc'],13.0,263.345
624,potpaw/Tc_sv/POTCAR,lda,Tc_sv-lda,['Tc'],15.0,318.479
625,potpaw/Tc_sv_GW/POTCAR,lda,Tc_sv_GW-lda,['Tc'],15.0,350.798
626,potpaw/Te/POTCAR,lda,Te-lda,['Te'],6.0,175.144
627,potpaw/Te_GW/POTCAR,lda,Te_GW-lda,['Te'],6.0,175.144
628,potpaw/Te_sv_GW/POTCAR,lda,Te_sv_GW-lda,['Te'],24.0,376.686
629,potpaw/Th/POTCAR,lda,Th-lda,['Th'],12.0,247.389
630,potpaw/Th_s/POTCAR,lda,Th_s-lda,['Th'],10.0,169.575
631,potpaw/Ti/POTCAR,lda,Ti-lda,['Ti'],4.0,178.52
632,potpaw/Ti_pv/POTCAR,lda,Ti_pv-lda,['Ti'],10.0,222.435
633,potpaw/Ti_sv/POTCAR,lda,Ti_sv-lda,['Ti'],12.0,274.719
634,potpaw/Ti_sv_GW/POTCAR,lda,Ti_sv_GW-lda,['Ti'],12.0,383.48
635,potpaw/Tl/POTCAR,lda,Tl-lda,['Tl'],3.0,90.239
636,potpaw/Tl_d/POTCAR,lda,Tl_d-lda,['Tl'],13.0,237.001
637,potpaw/Tl_d_GW/POTCAR,lda,Tl_d_GW-lda,['Tl'],15.0,237.001
638,potpaw/Tl_sv_GW/POTCAR,lda,Tl_sv_GW-lda,['Tl'],21.0,316.502
639,potpaw/U/POTCAR,lda,U-lda,['U'],14.0,252.603
640,potpaw/U_s/POTCAR,lda,U_s-lda,['U'],14.0,209.218
641,potpaw/V/POTCAR,lda,V-lda,['V'],5.0,192.706
642,potpaw/V_pv/POTCAR,lda,V_pv-lda,['V'],11.0,263.722
643,potpaw/V_sv/POTCAR,lda,V_sv-lda,['V'],13.0,263.722
644,potpaw/V_sv_GW/POTCAR,lda,V_sv_GW-lda,['V'],13.0,382.093
645,potpaw/W/POTCAR,lda,W-lda,['W'],6.0,223.126
646,potpaw/W_pv/POTCAR,lda,W_pv-lda,['W'],12.0,223.126
647,potpaw/W_sv/POTCAR,lda,W_sv-lda,['W'],14.0,223.126
648,potpaw/W_sv_GW/POTCAR,lda,W_sv_GW-lda,['W'],14.0,316.943
649,potpaw/Xe/POTCAR,lda,Xe-lda,['Xe'],8.0,153.021
650,potpaw/Xe_GW/POTCAR,lda,Xe_GW-lda,['Xe'],8.0,179.528
651,potpaw/Xe_sv_GW/POTCAR,lda,Xe_sv_GW-lda,['Xe'],26.0,400.581
652,potpaw/Y/POTCAR,lda,Y-lda,['Y'],11.0,211.836
653,potpaw/Y_sv/POTCAR,lda,Y_sv-lda,['Y'],11.0,202.554
654,potpaw/Y_sv_GW/POTCAR,lda,Y_sv_GW-lda,['Y'],11.0,339.94
655,potpaw/Zn/POTCAR,lda,Zn-lda,['Zn'],12.0,276.847
656,potpaw/Zn_GW/POTCAR,lda,Zn_GW-lda,['Zn'],12.0,328.312
657,potpaw/Zn_pv_GW/POTCAR,lda,Zn_pv_GW-lda,['Zn'],18.0,360.353
658,potpaw/Zn_sv_GW/POTCAR,lda,Zn_sv_GW-lda,['Zn'],20.0,401.745
659,potpaw/Zr/POTCAR,lda,Zr-lda,['Zr'],12.0,230.037
660,potpaw/Zr_sv/POTCAR,lda,Zr_sv-lda,['Zr'],12.0,230.037
661,potpaw/Zr_sv_GW/POTCAR,lda,Zr_sv_GW-lda,['Zr'],12.0,346.437
